"ClaimId","CustomerClaimDefectWeight"
0,"1992"
1,"1522"
2,"707"
3,"2710"
4,"112"
5,"0"
6,"57"
7,"0"
8,"4534"
9,"0"
10,"10910"
11,"4050"
12,"4355"
13,"1511"
14,"1567"
15,"714"
16,"2974"
17,"14520"
18,"4508"
19,"21820"
20,"770"
21,"358"
22,"885"
23,"770"
24,"7807"
25,"890"
26,"6180"
27,"1159"
28,"1029"
29,"1800"
30,"3530"
31,"564"
32,"1050"
33,"0"
34,"0"
35,"2616"
36,"2531"
37,"1364"
38,"238"
39,"15030"
40,"0"
41,"26091"
42,"8090"
43,"2030"
44,"2407"
45,"36"
46,"38"
47,"2067"
48,"692"
49,"0"
50,"1505"
51,"1505"
52,"3328"
53,"0"
54,"0"
55,"4029"
56,"11235"
57,"0"
58,"1260"
59,"4466"
60,"0"
61,"3900"
62,"13500"
63,"1250"
64,"3628"
65,"1040"
66,"8430"
67,"1094"
68,"1330"
69,"1406"
70,"840"
71,"2449"
72,"1260"
73,"1547"
74,"1820"
75,"2338"
76,"440"
77,"963"
78,"830"
79,"1248"
80,"888"
81,"1134"
82,"838"
83,"840"
84,"1156"
85,"35270"
86,"2749"
87,"1756"
88,"710"
89,"1700"
90,"640"
91,"1840"
92,"1137"
93,"3424"
94,"369"
95,"486"
96,"450"
97,"3823"
98,"7716"
99,"1818"
100,"1753"
101,"5414"
102,"4292"
103,"32960"
104,"1158"
105,"190"
106,"32830"
107,"3030"
108,"3060"
109,"43"
110,"8408"
111,"806"
112,"1570"
113,"812"
114,"970"
115,"900"
116,"0"
117,"3710"
118,"0"
119,"2200"
120,"612"
121,"1870"
122,"1056"
123,"617"
124,"1247"
125,"806"
126,"18470"
127,"2355"
128,"1003"
129,"2346"
130,"2407"
131,"43"
132,"0"
133,"2540"
134,"1921"
135,"2674"
136,"569"
137,"529"
138,"693"
139,"1573"
140,"1265"
141,"8145"
142,"1695"
143,"3578"
144,"980"
145,"3201"
146,"2310"
147,"2484"
148,"2492"
149,"2146"
150,"2496"
151,"2296"
152,"2854"
153,"1890"
154,"3385"
155,"643"
156,"0"
157,"33290"
158,"1307"
159,"616"
160,"930"
161,"2750"
162,"8316"
163,"1190"
164,"1529"
165,"1815"
166,"1522"
167,"33"
168,"18"
169,"1023"
170,"7528"
171,"0"
172,"0"
173,"8580"
174,"1650"
175,"1219"
176,"1666"
177,"3527"
178,"830"
179,"466"
180,"1830"
181,"2665"
182,"464"
183,"1049"
184,"4909"
185,"3836"
186,"4909"
187,"32070"
188,"13460"
189,"481"
190,"2727"
191,"786"
192,"33"
193,"4911"
194,"2534"
195,"672"
196,"1584"
197,"2106"
198,"800"
199,"2727"
200,"1440"
201,"881"
202,"2640"
203,"830"
204,"3388"
205,"0"
206,"0"
207,"2115"
208,"4950"
209,"9913"
210,"834"
211,"2240"
212,"167"
213,"167"
214,"111"
215,"47"
216,"2748"
217,"2024"
218,"2299"
219,"740"
220,"1100"
221,"1894"
222,"2408"
223,"1410"
224,"2969"
225,"5510"
226,"590"
227,"748"
228,"352"
229,"1508"
230,"1968"
231,"5790"
232,"792"
233,"775"
234,"1734"
235,"25910"
236,"1346"
237,"225"
238,"3133"
239,"410"
240,"1853"
241,"5055"
242,"3160"
243,"770"
244,"2980"
245,"610"
246,"240"
247,"27540"
248,"1624"
249,"16160"
250,"1248"
251,"927"
252,"13410"
253,"33450"
254,"18450"
255,"0"
256,"2402"
257,"2629"
258,"2765"
259,"1885"
260,"1760"
261,"2406"
262,"5340"
263,"0"
264,"4500"
265,"3437"
266,"415"
267,"7225"
268,"1825"
269,"1029"
270,"2185"
271,"2789"
272,"2520"
273,"1275"
274,"3032"
275,"1645"
276,"2406"
277,"4470"
278,"1150"
279,"1521"
280,"3857"
281,"2183"
282,"2113"
283,"0"
284,"2943"
285,"768"
286,"3096"
287,"1844"
288,"3096"
289,"1716"
290,"1684"
291,"2844"
292,"1908"
293,"0"
294,"3773"
295,"5320"
296,"8650"
297,"0"
298,"0"
299,"192"
300,"3150"
301,"4038"
302,"785"
303,"1746"
304,"1423"
305,"2329"
306,"690"
307,"4480"
308,"2767"
309,"2154"
310,"0"
311,"2192"
312,"1676"
313,"1830"
314,"2398"
315,"2394"
316,"854"
317,"993"
318,"864"
319,"1020"
320,"1325"
321,"0"
322,"2971"
323,"2148"
324,"2272"
325,"2290"
326,"2312"
327,"3037"
328,"646"
329,"5790"
330,"5800"
331,"5800"
332,"5800"
333,"5800"
334,"5840"
335,"5800"
336,"5840"
337,"5685"
338,"0"
339,"3026"
340,"401"
341,"26360"
342,"2770"
343,"34330"
344,"1885"
345,"2422"
346,"2021"
347,"1201"
348,"402"
349,"2324"
350,"1759"
351,"4290"
352,"0"
353,"2491"
355,"12933"
356,"224"
357,"325"
358,"968"
359,"966"
360,"2590"
361,"907"
362,"2308"
363,"2680"
364,"1768"
365,"3068"
366,"1892"
367,"0"
368,"658"
369,"2078"
370,"953"
371,"4006"
372,"2151"
373,"2702"
374,"1268"
375,"0"
376,"1121"
377,"1522"
378,"774"
379,"2234"
380,"1314"
381,"2060"
382,"1999"
383,"937"
384,"1717"
385,"1825"
386,"3982"
387,"537"
388,"1417"
389,"0"
390,"1098"
391,"1078"
392,"2830"
393,"1280"
394,"0"
395,"2274"
396,"11585"
397,"1452"
398,"4245"
399,"1590"
400,"889"
401,"1084"
402,"1553"
403,"4060"
404,"4060"
405,"2644"
406,"3166"
407,"1224"
408,"506"
409,"608"
410,"453"
411,"1601"
412,"1107"
413,"1117"
414,"1124"
415,"2135"
416,"1814"
417,"28660"
418,"30840"
419,"1887"
420,"1245"
421,"1053"
422,"3097"
423,"0"
424,"0"
425,"3665"
426,"15810"
427,"404"
428,"620"
429,"1503"
430,"1555"
431,"1303"
432,"1040"
433,"5482"
434,"1811"
435,"1195"
436,"27"
437,"792"
438,"20950"
439,"490"
440,"2755"
441,"1214"
442,"4115"
443,"785"
444,"528"
445,"1105"
446,"2237"
447,"2912"
448,"2560"
449,"2964"
450,"3984"
451,"1982"
452,"1887"
453,"1245"
454,"2706"
455,"0"
456,"97"
457,"1355"
458,"0"
459,"1904"
460,"2518"
461,"3097"
462,"1053"
463,"2755"
464,"316"
465,"10416"
466,"3794"
467,"2486"
468,"40540"
469,"7419"
470,"1314"
471,"4020"
472,"301"
473,"2066"
474,"0"
475,"987"
476,"1619"
477,"820"
478,"1370"
479,"1296"
480,"1393"
481,"2611"
482,"0"
483,"0"
484,"922"
485,"21810"
486,"33385"
487,"175"
488,"493"
489,"2198"
490,"866"
491,"662"
492,"461"
493,"0"
494,"3704"
495,"2776"
496,"875"
497,"593"
498,"6065"
499,"12710"
500,"1000"
501,"1025"
502,"400"
503,"5988"
504,"1880"
505,"1917"
506,"17750"
507,"875"
508,"1372"
509,"2700"
510,"1605"
511,"0"
512,"1362"
513,"1044"
514,"1926"
515,"13930"
516,"2256"
517,"2020"
518,"3608"
519,"1880"
520,"4210"
521,"647"
522,"18640"
523,"841"
524,"3766"
525,"3347"
526,"21150"
527,"0"
528,"2631"
529,"1043"
530,"234"
531,"2870"
532,"0"
533,"0"
534,"3347"
535,"0"
536,"965"
537,"3482"
538,"1406"
539,"2076"
540,"1618"
541,"19020"
542,"35060"
543,"1101"
544,"1295"
545,"1855"
546,"2298"
547,"0"
548,"804"
549,"0"
550,"1543"
551,"755"
552,"13607"
553,"2635"
554,"1656"
555,"7410"
556,"2503"
557,"1270"
558,"483"
559,"1135"
560,"19737"
561,"1488"
562,"1267"
563,"3221"
564,"9900"
565,"830"
566,"2186"
567,"1625"
568,"3438"
569,"3148"
570,"2885"
571,"2185"
572,"1300"
573,"1031"
574,"1259"
575,"0"
576,"2860"
577,"800"
578,"867"
579,"1088"
580,"682"
581,"171"
582,"0"
583,"0"
584,"1590"
585,"0"
586,"0"
587,"900"
588,"670"
589,"0"
590,"0"
591,"1400"
592,"818"
593,"1209"
594,"1228"
595,"3215"
596,"1255"
597,"1837"
598,"885"
599,"2426"
600,"0"
601,"2618"
602,"4060"
603,"141"
604,"118"
605,"167"
606,"47"
607,"56"
608,"4760"
609,"3709"
610,"23030"
611,"23270"
612,"475"
613,"840"
614,"2964"
615,"22630"
616,"1970"
617,"2692"
618,"900"
619,"11220"
620,"2185"
621,"1250"
622,"720"
623,"2850"
624,"1070"
625,"2312"
626,"1002"
627,"663"
628,"994"
629,"3460"
630,"1010"
631,"1280"
632,"790"
633,"690"
634,"1786"
635,"1200"
636,"845"
637,"740"
638,"1670"
639,"1630"
640,"1548"
641,"1426"
642,"687"
643,"1129"
644,"1768"
645,"588"
646,"725"
647,"940"
648,"514"
649,"347"
650,"3423"
651,"932"
652,"635"
653,"4272"
654,"2797"
655,"7573"
656,"7563"
657,"5465"
658,"741"
659,"620"
660,"1412"
661,"2666"
662,"18400"
663,"3370"
664,"1440"
665,"2373"
666,"2890"
667,"1554"
668,"394"
669,"2130"
670,"2565"
671,"1060"
672,"3054"
673,"12783"
674,"2148"
675,"1482"
676,"34820"
677,"0"
678,"3832"
679,"1117"
680,"1166"
681,"2249"
682,"0"
683,"1720"
684,"620"
685,"2000"
686,"390"
687,"320"
688,"355"
689,"335"
690,"375"
691,"6302"
692,"6064"
693,"2035"
694,"0"
695,"4390"
696,"1299"
697,"1030"
698,"1407"
699,"3730"
700,"0"
701,"1745"
702,"5903"
703,"1971"
704,"1968"
705,"599"
706,"927"
707,"65"
708,"55"
709,"16120"
710,"571"
711,"1000"
712,"1116"
713,"526"
714,"788"
715,"1179"
716,"577"
717,"3124"
718,"1186"
719,"2529"
720,"3758"
721,"2403"
722,"1515"
723,"922"
724,"343"
725,"2512"
726,"960"
727,"390"
728,"2202"
729,"1062"
730,"4929"
731,"0"
732,"0"
733,"886"
734,"820"
735,"6060"
736,"1003"
737,"2362"
738,"1160"
739,"9210"
740,"1032"
741,"912"
742,"2268"
743,"926"
744,"1001"
745,"1510"
746,"16820"
747,"1515"
748,"16240"
749,"3549"
750,"14800"
751,"14300"
752,"19060"
753,"1050"
754,"0"
755,"0"
756,"10550"
757,"2868"
758,"651"
759,"923"
760,"1115"
761,"3770"
762,"1209"
763,"552"
764,"1032"
765,"1269"
766,"1295"
767,"803"
768,"5260"
769,"0"
770,"16685"
771,"2184"
772,"494"
773,"760"
774,"1700"
775,"605"
776,"3023"
777,"4850"
778,"4915"
779,"2047"
780,"1871"
781,"1850"
782,"2675"
783,"210"
784,"3778"
785,"3148"
786,"16414"
787,"22400"
788,"3085"
789,"1375"
790,"3730"
791,"2298"
792,"6770"
793,"562"
794,"720"
795,"2368"
796,"1130"
797,"0"
798,"0"
799,"1943"
800,"647"
801,"1817"
802,"3491"
803,"1110"
804,"653"
805,"2350"
806,"2180"
807,"17725"
808,"51610"
809,"561"
810,"0"
811,"21150"
812,"888"
813,"20765"
814,"63"
815,"955"
816,"1385"
817,"1313"
818,"3151"
819,"1012"
820,"361"
821,"1190"
822,"2228"
823,"2240"
824,"2356"
825,"2454"
826,"7230"
827,"361"
828,"0"
829,"610"
830,"486"
831,"669"
832,"505"
833,"624"
834,"553"
835,"24160"
836,"22960"
837,"979"
838,"717"
839,"421"
840,"2274"
841,"1062"
842,"1220"
843,"2792"
844,"2384"
845,"1766"
846,"1305"
847,"457"
848,"493"
849,"3192"
850,"10510"
851,"2450"
852,"3822"
853,"2210"
854,"1194"
855,"7387"
856,"832"
857,"2180"
858,"2640"
859,"1750"
860,"1170"
861,"0"
862,"2632"
863,"1074"
864,"2242"
865,"1647"
866,"3828"
867,"3640"
868,"3788"
869,"930"
870,"833"
871,"1023"
872,"1676"
873,"9520"
874,"1397"
875,"1134"
876,"2748"
877,"4665"
878,"2248"
879,"797"
880,"1035"
881,"1345"
882,"1179"
883,"61"
884,"1710"
885,"810"
886,"795"
887,"1445"
888,"1420"
889,"3477"
890,"1441"
891,"1290"
892,"672"
893,"2018"
894,"2100"
895,"647"
896,"1449"
897,"0"
898,"1708"
899,"2308"
900,"0"
901,"2818"
902,"3236"
903,"0"
904,"1062"
905,"181"
906,"4248"
907,"14480"
908,"472"
909,"1272"
910,"0"
911,"7157"
912,"0"
913,"379"
914,"479"
915,"991"
916,"2356"
917,"784"
918,"601"
919,"629"
920,"782"
921,"284"
922,"426"
923,"1010"
924,"1303"
925,"6400"
926,"1970"
927,"558"
928,"1436"
929,"868"
930,"252"
931,"236"
932,"3499"
933,"558"
934,"390"
935,"566"
936,"2800"
937,"2434"
938,"11840"
939,"22597"
940,"10918"
941,"1134"
942,"2501"
943,"2255"
944,"141"
945,"3607"
946,"1028"
947,"4630"
948,"1257"
949,"1034"
950,"940"
951,"1160"
952,"2300"
953,"1350"
954,"1724"
955,"1454"
956,"1490"
957,"2910"
958,"1034"
959,"4040"
960,"951"
961,"14829"
962,"3556"
963,"2860"
964,"6710"
965,"1066"
966,"1394"
967,"646"
968,"380"
969,"9362"
970,"1533"
971,"1620"
972,"1680"
973,"1950"
974,"1780"
975,"1095"
976,"1529"
977,"1724"
978,"3443"
979,"14650"
980,"2364"
981,"8750"
982,"2295"
983,"13880"
984,"21780"
985,"0"
986,"0"
987,"19870"
988,"21900"
989,"2198"
990,"2078"
991,"2976"
992,"3401"
993,"0"
994,"2980"
995,"2337"
996,"2986"
997,"995"
998,"0"
999,"1814"
1000,"0"
1001,"0"
1002,"1586"
1003,"0"
1004,"2655"
1005,"1475"
1006,"2240"
1007,"1529"
1008,"844"
1009,"2470"
1010,"399"
1011,"9935"
1012,"0"
1013,"14750"
1014,"12150"
1015,"21850"
1016,"556"
1017,"6515"
1018,"91"
1019,"1181"
1020,"2777"
1021,"1158"
1022,"16738"
1023,"1985"
1024,"2645"
1025,"728"
1026,"2126"
1027,"2468"
1028,"2088"
1029,"2298"
1030,"669"
1031,"2052"
1032,"2670"
1033,"2152"
1034,"361"
1035,"1005"
1036,"1193"
1037,"692"
1038,"1344"
1039,"502"
1040,"4718"
1041,"1290"
1042,"17760"
1043,"857"
1044,"7668"
1045,"1022"
1046,"354"
1047,"121"
1048,"121"
1049,"1516"
1050,"1020"
1051,"3869"
1052,"3869"
1053,"1060"
1054,"1135"
1055,"1135"
1056,"2714"
1057,"17034"
1058,"937"
1059,"960"
1060,"13395"
1061,"4395"
1062,"2073"
1063,"756"
1064,"3870"
1065,"1063"
1066,"2499"
1067,"4222"
1068,"1055"
1069,"3947"
1070,"1892"
1071,"1228"
1072,"690"
1073,"1540"
1074,"940"
1075,"2625"
1076,"2080"
1077,"3190"
1078,"8876"
1079,"915"
1080,"2132"
1081,"950"
1082,"7465"
1083,"531"
1084,"588"
1085,"472"
1086,"5615"
1087,"2140"
1088,"1170"
1089,"1532"
1090,"670"
1091,"788"
1092,"3838"
1093,"3698"
1094,"3610"
1095,"1463"
1096,"6921"
1097,"1029"
1098,"2743"
1099,"1176"
1100,"973"
1101,"0"
1102,"2597"
1103,"14190"
1104,"0"
1105,"1020"
1106,"206"
1107,"3717"
1108,"1340"
1109,"840"
1110,"2942"
1111,"3628"
1112,"1871"
1113,"1140"
1114,"700"
1115,"3030"
1116,"2215"
1117,"0"
1118,"1680"
1119,"2077"
1120,"3607"
1121,"4630"
1122,"18330"
1123,"23280"
1124,"432"
1125,"2356"
1126,"2552"
1127,"620"
1128,"2623"
1129,"1290"
1130,"2496"
1131,"1410"
1132,"930"
1133,"1610"
1134,"1184"
1135,"678"
1136,"425"
1137,"2211"
1138,"1400"
1139,"1270"
1140,"1217"
1141,"4247"
1142,"15494"
1143,"823"
1144,"18120"
1145,"2660"
1146,"2968"
1147,"15575"
1148,"1010"
1149,"1263"
1150,"1010"
1151,"1010"
1152,"1834"
1153,"810"
1154,"867"
1155,"188"
1156,"10936"
1157,"14300"
1158,"3961"
1159,"7046"
1160,"3309"
1161,"3468"
1162,"7144"
1163,"2086"
1164,"982"
1165,"3685"
1166,"930"
1167,"1630"
1168,"1667"
1169,"0"
1170,"2382"
1171,"2495"
1172,"2165"
1173,"6508"
1174,"0"
1175,"1702"
1176,"3533"
1177,"1622"
1178,"2700"
1179,"13050"
1180,"8935"
1181,"4730"
1182,"7215"
1183,"2299"
1184,"0"
1185,"14810"
1186,"13600"
1187,"13800"
1188,"9900"
1189,"3305"
1190,"704"
1191,"2494"
1192,"2890"
1193,"4617"
1194,"1635"
1195,"1620"
1196,"3859"
1197,"7864"
1198,"4786"
1199,"2622"
1200,"0"
1201,"6400"
1202,"1512"
1203,"1429"
1204,"3314"
1205,"1633"
1206,"1415"
1207,"591"
1208,"1447"
1209,"1115"
1210,"1061"
1211,"1365"
1212,"543"
1213,"6034"
1214,"445"
1215,"1254"
1216,"626"
1217,"4074"
1218,"1735"
1219,"1548"
1220,"1620"
1221,"0"
1222,"3730"
1223,"3704"
1224,"493"
1225,"535"
1226,"418"
1227,"324"
1228,"2003"
1229,"579"
1230,"3190"
1231,"2255"
1232,"1332"
1233,"8550"
1234,"0"
1235,"0"
1236,"876"
1237,"685"
1238,"2950"
1239,"266"
1240,"3465"
1241,"2238"
1242,"774"
1243,"0"
1244,"2244"
1245,"2724"
1246,"2412"
1247,"2141"
1248,"24468"
1249,"1238"
1250,"164"
1251,"1080"
1252,"1025"
1253,"709"
1254,"2785"
1255,"3980"
1256,"3599"
1257,"529"
1258,"2399"
1259,"1992"
1260,"1966"
1261,"2440"
1262,"395"
1263,"405"
1264,"775"
1265,"1413"
1266,"3545"
1267,"1403"
1268,"3555"
1269,"3370"
1270,"3380"
1271,"2200"
1272,"2625"
1273,"4438"
1274,"19435"
1275,"18409"
1276,"1700"
1277,"1180"
1278,"1880"
1279,"0"
1280,"0"
1281,"10315"
1282,"605"
1283,"281"
1284,"5528"
1285,"600"
1286,"505"
1287,"0"
1288,"0"
1289,"2140"
1290,"3060"
1291,"14310"
1292,"943"
1293,"690"
1294,"879"
1295,"0"
1296,"0"
1297,"2213"
1298,"6155"
1299,"600"
1300,"1408"
1301,"11075"
1302,"0"
1303,"19493"
1304,"20460"
1305,"0"
1306,"0"
1307,"8859"
1308,"22310"
1309,"1324"
1310,"444"
1311,"1369"
1312,"2056"
1313,"1248"
1314,"195"
1315,"763"
1316,"7970"
1317,"1544"
1318,"1158"
1319,"2652"
1320,"884"
1321,"2703"
1322,"940"
1323,"1280"
1324,"1780"
1325,"0"
1326,"2510"
1327,"2700"
1328,"1960"
1329,"22597"
1330,"12390"
1331,"1544"
1332,"844"
1333,"4016"
1334,"3028"
1335,"2725"
1336,"3730"
1337,"1160"
1338,"1324"
1339,"628"
1340,"1030"
1341,"1996"
1342,"95"
1343,"1420"
1344,"3800"
1345,"582"
1346,"1101"
1347,"2818"
1348,"1081"
1349,"1217"
1350,"840"
1351,"1560"
1352,"2248"
1353,"1160"
1354,"1987"
1355,"7318"
1356,"9229"
1357,"5665"
1358,"1036"
1359,"10469"
1360,"25930"
1361,"2350"
1362,"22850"
1363,"13055"
1364,"24680"
1365,"22940"
1366,"2490"
1367,"5615"
1368,"128"
1369,"23700"
1370,"39440"
1371,"31220"
1372,"23280"
1373,"23920"
1374,"2684"
1375,"24530"
1376,"25510"
1377,"25070"
1378,"15803"
1379,"21990"
1380,"29350"
1381,"18716"
1382,"1985"
1383,"26310"
1384,"4172"
1385,"25985"
1386,"1203"
1387,"22050"
1388,"26760"
1389,"25760"
1390,"21240"
1391,"3158"
1392,"3913"
1393,"1828"
1394,"741"
1395,"25950"
1396,"25740"
1397,"7330"
1398,"0"
1399,"4320"
1400,"745"
1401,"0"
1402,"839"
1403,"2030"
1404,"850"
1405,"1441"
1406,"1200"
1407,"726"
1408,"3879"
1409,"8660"
1410,"2156"
1411,"2970"
1412,"605"
1413,"1222"
1414,"22480"
1415,"164"
1416,"685"
1417,"2028"
1418,"971"
1419,"6600"
1420,"5955"
1421,"4817"
1422,"16533"
1423,"2700"
1424,"765"
1425,"9690"
1426,"711"
1427,"13685"
1428,"13394"
1429,"1018"
1430,"14512"
1431,"573"
1432,"959"
1433,"7865"
1434,"11840"
1435,"1512"
1436,"0"
1437,"372"
1438,"1168"
1439,"0"
1440,"0"
1441,"273"
1442,"4876"
1443,"0"
1444,"9431"
1445,"2180"
1446,"0"
1447,"2584"
1448,"393"
1449,"461"
1450,"553"
1451,"1132"
1452,"27990"
1453,"786"
1454,"1835"
1455,"1363"
1456,"0"
1457,"2350"
1458,"4432"
1459,"706"
1460,"100"
1461,"2624"
1462,"4758"
1463,"3728"
1464,"2758"
1465,"7140"
1466,"3020"
1467,"4156"
1468,"0"
1469,"720"
1470,"2230"
1471,"0"
1472,"302"
1473,"778"
1474,"0"
1475,"3103"
1476,"2763"
1477,"1552"
1478,"4974"
1479,"1180"
1480,"340"
1481,"740"
1482,"2270"
1483,"1747"
1484,"4751"
1485,"5302"
1486,"4193"
1487,"2535"
1488,"2400"
1489,"2250"
1490,"2745"
1491,"4864"
1492,"3010"
1493,"2365"
1494,"610"
1495,"3250"
1496,"640"
1497,"680"
1498,"1987"
1499,"766"
1500,"810"
1501,"806"
1502,"1619"
1503,"845"
1504,"515"
1505,"2200"
1506,"6366"
1507,"3322"
1508,"2726"
1509,"5266"
1510,"1877"
1511,"1380"
1512,"2110"
1513,"2430"
1514,"15638"
1515,"1500"
1516,"1354"
1517,"1710"
1518,"16990"
1519,"1100"
1520,"29620"
1521,"1399"
1522,"534"
1523,"181"
1524,"3571"
1525,"50"
1526,"1274"
1527,"1044"
1528,"812"
1529,"214"
1530,"148"
1531,"68"
1532,"106"
1533,"174"
1534,"66"
1535,"144"
1536,"170"
1537,"990"
1538,"4164"
1539,"174"
1540,"8143"
1541,"238"
1542,"1155"
1543,"671"
1544,"0"
1545,"2202"
1546,"0"
1547,"2310"
1548,"2147"
1549,"1327"
1550,"0"
1551,"6570"
1552,"767"
1553,"432"
1554,"3437"
1555,"699"
1556,"4597"
1557,"4928"
1558,"216"
1559,"0"
1560,"0"
1561,"4804"
1562,"682"
1563,"1150"
1564,"6840"
1565,"0"
1566,"3651"
1567,"121"
1568,"3869"
1569,"1135"
1570,"555"
1571,"52"
1572,"1512"
1573,"2839"
1574,"3780"
1575,"16370"
1576,"1560"
1577,"145"
1578,"1549"
1579,"1485"
1580,"5040"
1581,"0"
1582,"935"
1583,"4321"
1584,"585"
1585,"4105"
1586,"19910"
1587,"3150"
1588,"1134"
1589,"883"
1590,"1429"
1591,"1048"
1592,"4864"
1593,"2861"
1594,"1550"
1595,"12980"
1596,"2496"
1597,"2266"
1598,"6308"
1599,"4480"
1600,"0"
1601,"775"
1602,"1978"
1603,"0"
1604,"1544"
1605,"7111"
1606,"1544"
1607,"1965"
1608,"403"
1609,"3088"
1610,"1016"
1611,"2702"
1612,"4365"
1613,"9033"
1614,"100"
1615,"2458"
1616,"600"
1617,"1158"
1618,"942"
1619,"1203"
1620,"1158"
1621,"2385"
1622,"2555"
1623,"2896"
1624,"1704"
1625,"1289"
1626,"945"
1627,"1658"
1628,"3181"
1629,"7128"
1630,"683"
1631,"3281"
1632,"4919"
1633,"1158"
1634,"10045"
1635,"1158"
1636,"0"
1637,"461"
1638,"0"
1639,"1412"
1640,"0"
1641,"1465"
1642,"1151"
1643,"656"
1644,"3148"
1645,"15005"
1646,"2933"
1647,"1642"
1648,"1157"
1649,"2890"
1650,"938"
1651,"1835"
1652,"1689"
1653,"3000"
1654,"2129"
1655,"1284"
1656,"1665"
1657,"2821"
1658,"1953"
1659,"2560"
1660,"1953"
1661,"1467"
1662,"1796"
1663,"1816"
1664,"14514"
1665,"4082"
1666,"0"
1667,"630"
1668,"2780"
1669,"660"
1670,"865"
1671,"3040"
1672,"7720"
1673,"3115"
1674,"12399"
1675,"5618"
1676,"916"
1677,"708"
1678,"637"
1679,"0"
1680,"776"
1681,"484"
1682,"1638"
1683,"405"
1684,"1254"
1685,"626"
1686,"2950"
1687,"2679"
1688,"1544"
1689,"1544"
1690,"772"
1691,"772"
1692,"9250"
1693,"600"
1694,"405"
1695,"534"
1696,"1593"
1697,"899"
1698,"772"
1699,"1941"
1700,"1281"
1701,"1259"
1702,"1104"
1703,"3981"
1704,"7270"
1705,"14890"
1706,"1110"
1707,"2847"
1708,"795"
1709,"1291"
1710,"2750"
1711,"1294"
1712,"999"
1713,"2700"
1714,"721"
1715,"7461"
1716,"5341"
1717,"14326"
1718,"1915"
1719,"3528"
1720,"0"
1721,"3990"
1722,"2093"
1723,"4624"
1724,"2570"
1725,"1800"
1726,"1154"
1727,"2248"
1728,"1520"
1729,"1630"
1730,"1030"
1731,"650"
1732,"1169"
1733,"629"
1734,"786"
1735,"2681"
1736,"1469"
1737,"4231"
1738,"4030"
1739,"784"
1740,"492"
1741,"3251"
1742,"770"
1743,"4320"
1744,"825"
1745,"2490"
1746,"17380"
1747,"35900"
1748,"680"
1749,"1080"
1750,"2450"
1751,"1587"
1752,"888"
1753,"2029"
1754,"1680"
1755,"1890"
1756,"880"
1757,"2438"
1758,"2065"
1759,"1160"
1760,"1430"
1761,"985"
1762,"3710"
1763,"1430"
1764,"1439"
1765,"3941"
1766,"1779"
1767,"600"
1768,"1984"
1769,"5750"
1770,"1260"
1771,"1390"
1772,"3145"
1773,"560"
1774,"913"
1775,"860"
1776,"4036"
1777,"3017"
1778,"1068"
1779,"1801"
1780,"1185"
1781,"1127"
1782,"874"
1783,"1272"
1784,"1011"
1785,"1130"
1786,"3785"
1787,"922"
1788,"498"
1789,"0"
1790,"0"
1791,"656"
1792,"0"
1793,"18280"
1794,"0"
1795,"2539"
1796,"1116"
1797,"1482"
1798,"470"
1799,"405"
1800,"870"
1801,"618"
1802,"850"
1803,"1320"
1804,"1470"
1805,"704"
1806,"2158"
1807,"0"
1808,"0"
1809,"1542"
1810,"969"
1811,"1317"
1812,"17660"
1813,"1256"
1814,"1577"
1815,"1446"
1816,"2132"
1817,"4312"
1818,"399"
1819,"0"
1820,"8055"
1821,"2148"
1822,"1540"
1823,"4330"
1824,"1214"
1825,"4795"
1826,"1820"
1827,"5152"
1828,"1053"
1829,"8266"
1830,"3334"
1831,"148"
1832,"1437"
1833,"3337"
1834,"0"
1835,"0"
1836,"0"
1837,"0"
1838,"0"
1839,"16870"
1840,"7740"
1841,"4260"
1842,"2132"
1843,"2196"
1844,"13780"
1845,"0"
1846,"4186"
1847,"0"
1848,"927"
1849,"1199"
1850,"1571"
1851,"737"
1852,"0"
1853,"0"
1854,"0"
1855,"2634"
1856,"1532"
1857,"2165"
1858,"7182"
1859,"2921"
1860,"1465"
1861,"0"
1862,"2075"
1863,"1918"
1864,"1152"
1865,"745"
1866,"3178"
1867,"1115"
1868,"11560"
1869,"915"
1870,"1630"
1871,"1223"
1872,"0"
1873,"3142"
1874,"0"
1875,"1138"
1876,"1690"
1877,"3778"
1878,"0"
1879,"1340"
1880,"3685"
1881,"0"
1882,"2345"
1883,"3065"
1884,"1660"
1885,"2889"
1886,"1272"
1887,"1158"
1888,"3211"
1889,"2300"
1890,"414"
1891,"5128"
1892,"1544"
1893,"1505"
1894,"2490"
1895,"2100"
1896,"3860"
1897,"900"
1898,"2701"
1899,"1158"
1900,"2014"
1901,"3126"
1902,"3020"
1903,"1801"
1904,"2406"
1905,"8515"
1906,"2568"
1907,"1740"
1908,"3391"
1909,"3832"
1910,"21368"
1911,"2555"
1912,"3340"
1913,"2950"
1914,"758"
1915,"0"
1916,"0"
1917,"0"
1918,"30"
1919,"30"
1920,"1540"
1921,"1149"
1922,"907"
1923,"957"
1924,"559"
1925,"601"
1926,"422"
1927,"471"
1928,"3433"
1929,"727"
1930,"2562"
1931,"27220"
1932,"3243"
1933,"941"
1934,"702"
1935,"2120"
1936,"3288"
1937,"0"
1938,"1546"
1939,"595"
1940,"3037"
1941,"1323"
1942,"1787"
1943,"4264"
1944,"1367"
1945,"4176"
1946,"2716"
1947,"0"
1948,"0"
1949,"3346"
1950,"1819"
1951,"16950"
1952,"1445"
1953,"1043"
1954,"706"
1955,"887"
1956,"1050"
1957,"6170"
1958,"3187"
1959,"1499"
1960,"312"
1961,"177"
1962,"700"
1963,"1833"
1964,"826"
1965,"0"
1966,"725"
1967,"1859"
1968,"878"
1969,"3035"
1970,"4332"
1971,"4413"
1972,"683"
1973,"4370"
1974,"14210"
1975,"5440"
1976,"5470"
1977,"7490"
1978,"6610"
1979,"1500"
1980,"2450"
1981,"2822"
1982,"5657"
1983,"521"
1984,"1984"
1985,"1764"
1986,"1512"
1987,"181"
1988,"1150"
1989,"918"
1990,"1485"
1991,"685"
1992,"1479"
1993,"510"
1994,"3860"
1995,"1500"
1996,"1406"
1997,"1500"
1998,"998"
1999,"1500"
2000,"1415"
2001,"1226"
2002,"0"
2003,"2028"
2004,"0"
2005,"1226"
2006,"1226"
2007,"1420"
2008,"0"
2009,"0"
2010,"0"
2011,"0"
2012,"854"
2013,"9675"
2014,"0"
2015,"345"
2016,"935"
2017,"3240"
2018,"1513"
2019,"2050"
2020,"1860"
2021,"2760"
2022,"1665"
2023,"0"
2024,"0"
2025,"0"
2026,"0"
2027,"1545"
2028,"614"
2029,"12360"
2030,"0"
2031,"0"
2032,"119"
2033,"1270"
2034,"1430"
2035,"1181"
2036,"4000"
2037,"1072"
2038,"8319"
2039,"566"
2040,"12450"
2041,"18306"
2042,"1983"
2043,"906"
2044,"4248"
2045,"1771"
2046,"3456"
2047,"0"
2048,"17190"
2049,"2260"
2050,"9714"
2051,"4759"
2052,"679"
2053,"928"
2054,"1960"
2055,"2100"
2056,"641"
2057,"856"
2058,"432"
2059,"1658"
2060,"490"
2061,"0"
2062,"562"
2063,"9277"
2064,"4085"
2065,"1264"
2066,"3025"
2067,"880"
2068,"800"
2069,"1720"
2070,"13222"
2071,"1049"
2072,"2840"
2073,"508"
2074,"2090"
2075,"5518"
2076,"2998"
2077,"767"
2078,"699"
2079,"3437"
2080,"780"
2081,"720"
2082,"3000"
2083,"1062"
2084,"3100"
2085,"492"
2086,"784"
2087,"0"
2088,"1050"
2089,"0"
2090,"0"
2091,"1515"
2092,"2080"
2093,"411"
2094,"526"
2095,"0"
2096,"52"
2097,"104"
2098,"1000"
2099,"3114"
2100,"1130"
2101,"1625"
2102,"7674"
2103,"4160"
2104,"18100"
2105,"934"
2106,"1424"
2107,"715"
2108,"1832"
2109,"1709"
2110,"729"
2111,"1930"
2112,"481"
2113,"3024"
2114,"8520"
2115,"6470"
2116,"2516"
2117,"1518"
2118,"3220"
2119,"1664"
2120,"9336"
2121,"2683"
2122,"6605"
2123,"1997"
2124,"1044"
2125,"6570"
2126,"706"
2127,"327"
2128,"378"
2129,"326"
2130,"417"
2131,"326"
2132,"475"
2133,"417"
2134,"459"
2135,"626"
2136,"1381"
2137,"885"
2138,"4506"
2139,"4742"
2140,"4312"
2141,"13660"
2142,"11715"
2143,"1084"
2144,"2700"
2145,"1919"
2146,"1080"
2147,"0"
2148,"2990"
2149,"2700"
2150,"1984"
2151,"1298"
2152,"1322"
2153,"0"
2154,"11195"
2155,"0"
2156,"0"
2157,"738"
2158,"664"
2159,"688"
2160,"1117"
2161,"768"
2162,"929"
2163,"518"
2164,"1254"
2165,"865"
2166,"622"
2167,"1151"
2168,"2727"
2169,"596"
2170,"1703"
2171,"454"
2172,"2120"
2173,"3149"
2174,"3470"
2175,"16500"
2176,"0"
2177,"22260"
2178,"24030"
2179,"1999"
2180,"5920"
2181,"21440"
2182,"1910"
2183,"2594"
2184,"3641"
2185,"1420"
2186,"998"
2187,"649"
2188,"1250"
2189,"3446"
2190,"1150"
2191,"0"
2192,"1670"
2193,"806"
2194,"1762"
2195,"1240"
2196,"1339"
2197,"1104"
2198,"818"
2199,"12395"
2200,"0"
2201,"1665"
2202,"3245"
2203,"6954"
2204,"3130"
2205,"2149"
2206,"1884"
2207,"4002"
2208,"7438"
2209,"321"
2210,"0"
2211,"1554"
2212,"0"
2213,"1354"
2214,"956"
2215,"18330"
2216,"4150"
2217,"3068"
2218,"649"
2219,"4320"
2220,"1307"
2221,"490"
2222,"1115"
2223,"410"
2224,"4455"
2225,"1550"
2226,"818"
2227,"2996"
2228,"1915"
2229,"4124"
2230,"6400"
2231,"1196"
2232,"750"
2233,"188"
2234,"96"
2235,"94"
2236,"180"
2237,"57"
2238,"1824"
2239,"265"
2240,"915"
2241,"793"
2242,"639"
2243,"5513"
2244,"2720"
2245,"1395"
2246,"950"
2247,"1038"
2248,"2770"
2249,"1620"
2250,"2380"
2251,"1700"
2252,"1330"
2253,"1930"
2254,"1552"
2255,"6470"
2256,"8520"
2257,"1700"
2258,"3310"
2259,"1572"
2260,"850"
2261,"1660"
2262,"2521"
2263,"1786"
2264,"2361"
2265,"5000"
2266,"22400"
2267,"18854"
2268,"1038"
2269,"2605"
2270,"162"
2271,"3136"
2272,"170"
2273,"19815"
2274,"14919"
2275,"260"
2276,"21892"
2277,"1079"
2278,"14500"
2279,"12876"
2280,"3216"
2281,"3470"
2282,"4715"
2283,"3180"
2284,"158"
2285,"821"
2286,"475"
2287,"21800"
2288,"1645"
2289,"5040"
2290,"1828"
2291,"21160"
2292,"1158"
2293,"574"
2294,"910"
2295,"2200"
2296,"0"
2297,"0"
2298,"399"
2299,"19390"
2300,"18520"
2301,"94"
2302,"586"
2303,"875"
2304,"60"
2305,"8375"
2306,"0"
2307,"557"
2308,"600"
2309,"863"
2310,"763"
2311,"55"
2312,"5378"
2313,"772"
2314,"1609"
2315,"477"
2316,"1042"
2317,"1844"
2318,"2096"
2319,"3804"
2320,"3700"
2321,"5046"
2322,"11857"
2323,"2251"
2324,"3150"
2325,"2133"
2326,"2126"
2327,"3721"
2328,"926"
2329,"697"
2330,"1766"
2331,"0"
2332,"2821"
2333,"4413"
2334,"4332"
2335,"3035"
2336,"9980"
2337,"9801"
2338,"22655"
2339,"12920"
2340,"3305"
2341,"1161"
2342,"1276"
2343,"0"
2344,"2231"
2345,"1297"
2346,"2291"
2347,"4430"
2348,"0"
2349,"766"
2350,"1010"
2351,"3978"
2352,"1206"
2353,"2250"
2354,"885"
2355,"1624"
2356,"246"
2357,"0"
2358,"1532"
2359,"976"
2360,"679"
2361,"253"
2362,"1039"
2363,"1141"
2364,"4067"
2365,"1987"
2366,"545"
2367,"0"
2368,"1280"
2369,"0"
2370,"0"
2371,"1894"
2372,"3537"
2373,"494"
2374,"2922"
2375,"9289"
2376,"5569"
2377,"0"
2378,"3750"
2379,"2700"
2380,"0"
2381,"2069"
2382,"1230"
2383,"2040"
2384,"780"
2385,"1308"
2386,"6878"
2387,"4548"
2388,"17580"
2389,"1889"
2390,"0"
2391,"1930"
2392,"2847"
2393,"1769"
2394,"6555"
2395,"4582"
2396,"0"
2397,"192"
2398,"1416"
2399,"1610"
2400,"910"
2401,"1505"
2402,"641"
2403,"483"
2404,"1889"
2405,"1898"
2406,"2458"
2407,"512"
2408,"786"
2409,"2124"
2410,"4418"
2411,"4223"
2412,"2096"
2413,"0"
2414,"3920"
2415,"1046"
2416,"1202"
2417,"4063"
2418,"714"
2419,"497"
2420,"594"
2421,"896"
2422,"3167"
2423,"2098"
2424,"2502"
2425,"0"
2426,"1358"
2427,"1845"
2428,"1181"
2429,"1181"
2430,"1280"
2431,"810"
2432,"2560"
2433,"2120"
2434,"1120"
2435,"3680"
2436,"1300"
2437,"946"
2438,"0"
2439,"1573"
2440,"656"
2441,"642"
2442,"766"
2443,"1879"
2444,"3140"
2445,"798"
2446,"3110"
2447,"3113"
2448,"1180"
2449,"4721"
2450,"4225"
2451,"1809"
2452,"1868"
2453,"1016"
2454,"2450"
2455,"4817"
2456,"2822"
2457,"5657"
2458,"1418"
2459,"20832"
2460,"1428"
2461,"1180"
2462,"0"
2463,"1691"
2464,"2108"
2465,"0"
2466,"1367"
2467,"1470"
2468,"2294"
2469,"1660"
2470,"2740"
2471,"12855"
2472,"23280"
2473,"1999"
2474,"785"
2475,"1899"
2476,"661"
2477,"6968"
2478,"777"
2479,"6722"
2480,"841"
2481,"2266"
2482,"534"
2483,"6178"
2484,"436"
2485,"2052"
2486,"1010"
2487,"1896"
2488,"25"
2489,"405"
2490,"2000"
2491,"2000"
2492,"3240"
2493,"2100"
2494,"0"
2495,"678"
2496,"1042"
2497,"1048"
2498,"1176"
2499,"2848"
2500,"2519"
2501,"2455"
2502,"2324"
2503,"2283"
2504,"2655"
2505,"2655"
2506,"1270"
2507,"1217"
2508,"312"
2509,"1501"
2510,"100"
2511,"210"
2512,"18584"
2513,"294"
2514,"102"
2515,"130"
2516,"15400"
2517,"649"
2518,"635"
2519,"10560"
2520,"9441"
2521,"1217"
2522,"0"
2523,"1520"
2524,"6670"
2525,"0"
2526,"746"
2527,"4446"
2528,"4107"
2529,"14670"
2530,"4255"
2531,"1116"
2532,"12934"
2533,"0"
2534,"9620"
2535,"9600"
2536,"25235"
2537,"650"
2538,"12450"
2539,"1368"
2540,"900"
2541,"2350"
2542,"7240"
2543,"1381"
2544,"1042"
2545,"691"
2546,"1204"
2547,"7790"
2548,"2600"
2549,"10140"
2550,"2825"
2551,"1230"
2552,"1471"
2553,"5110"
2554,"0"
2555,"26315"
2556,"1003"
2557,"1803"
2558,"1244"
2559,"1622"
2560,"1277"
2561,"1815"
2562,"2646"
2563,"2668"
2564,"1996"
2565,"2015"
2566,"0"
2567,"2521"
2568,"4823"
2569,"1234"
2570,"7534"
2571,"5285"
2572,"6830"
2573,"1880"
2574,"2010"
2575,"3060"
2576,"9620"
2577,"2080"
2578,"1100"
2579,"1438"
2580,"346"
2581,"1066"
2582,"3168"
2583,"2938"
2584,"3115"
2585,"2135"
2586,"2700"
2587,"1532"
2588,"983"
2589,"12440"
2590,"124"
2591,"1240"
2592,"808"
2593,"3220"
2594,"3826"
2595,"1331"
2596,"750"
2597,"2024"
2598,"1966"
2599,"483"
2600,"1805"
2601,"4882"
2602,"1589"
2603,"1210"
2604,"2190"
2605,"2180"
2606,"756"
2607,"942"
2608,"1130"
2609,"3198"
2610,"1360"
2611,"2200"
2612,"0"
2613,"1260"
2614,"3746"
2615,"1105"
2616,"0"
2617,"0"
2618,"1910"
2619,"2633"
2620,"0"
2621,"1665"
2622,"1815"
2623,"380"
2624,"1560"
2625,"199"
2626,"887"
2627,"199"
2628,"5510"
2629,"6095"
2630,"5080"
2631,"0"
2632,"2320"
2633,"1506"
2634,"1070"
2635,"820"
2636,"2460"
2637,"3401"
2638,"997"
2639,"1193"
2640,"1179"
2641,"936"
2642,"1140"
2643,"1364"
2644,"2174"
2645,"2462"
2646,"1100"
2647,"2792"
2648,"4704"
2649,"4844"
2650,"2623"
2651,"3731"
2652,"1526"
2653,"4790"
2654,"4754"
2655,"3370"
2656,"14198"
2657,"1060"
2658,"3910"
2659,"1999"
2660,"532"
2661,"1200"
2662,"1070"
2663,"1010"
2664,"1050"
2665,"2090"
2666,"0"
2667,"1428"
2668,"4792"
2669,"4726"
2670,"4720"
2671,"4794"
2672,"2525"
2673,"2507"
2674,"4704"
2675,"4844"
2676,"4790"
2677,"4754"
2678,"3950"
2679,"12430"
2680,"8200"
2681,"6868"
2682,"1544"
2683,"2650"
2684,"928"
2685,"1926"
2686,"0"
2687,"3150"
2688,"2243"
2689,"604"
2690,"3814"
2691,"0"
2692,"2146"
2693,"850"
2694,"4648"
2695,"4792"
2696,"4726"
2697,"4720"
2698,"4794"
2699,"2566"
2700,"2207"
2701,"896"
2702,"594"
2703,"497"
2704,"4840"
2705,"2771"
2706,"1980"
2707,"1489"
2708,"5988"
2709,"1580"
2710,"1563"
2711,"4814"
2712,"0"
2713,"1940"
2714,"2743"
2715,"4609"
2716,"1080"
2717,"1755"
2718,"916"
2719,"1900"
2720,"2205"
2721,"8320"
2722,"1502"
2723,"19460"
2724,"2394"
2725,"24743"
2726,"1370"
2727,"33800"
2728,"0"
2729,"537"
2730,"759"
2731,"7205"
2732,"5005"
2733,"2560"
2734,"2455"
2735,"2150"
2736,"2350"
2737,"2160"
2738,"3160"
2739,"3155"
2740,"1956"
2741,"2965"
2742,"9570"
2743,"1066"
2744,"790"
2745,"1551"
2746,"0"
2747,"4882"
2748,"3373"
2749,"1084"
2750,"1521"
2751,"1073"
2752,"0"
2753,"550"
2754,"124"
2755,"8505"
2756,"1804"
2757,"3020"
2758,"0"
2759,"0"
2760,"1009"
2761,"840"
2762,"9369"
2763,"2217"
2764,"1946"
2765,"2174"
2766,"1221"
2767,"1217"
2768,"489"
2769,"489"
2770,"1681"
2771,"0"
2772,"1172"
2773,"2013"
2774,"1015"
2775,"1015"
2776,"1998"
2777,"1015"
2778,"1015"
2779,"1015"
2780,"1015"
2781,"1015"
2782,"1015"
2783,"1015"
2784,"1015"
2785,"1015"
2786,"1015"
2787,"1015"
2788,"1015"
2789,"1010"
2790,"1010"
2791,"1010"
2792,"1010"
2793,"1010"
2794,"1010"
2795,"1010"
2796,"1010"
2797,"1010"
2798,"1010"
2799,"1010"
2800,"1010"
2801,"1010"
2802,"1010"
2803,"1010"
2804,"1010"
2805,"1010"
2806,"1010"
2807,"1010"
2808,"1010"
2809,"1010"
2810,"1010"
2811,"1010"
2812,"1010"
2813,"1010"
2814,"1010"
2815,"1010"
2816,"1010"
2817,"1010"
2818,"1010"
2819,"1010"
2820,"1010"
2821,"1010"
2822,"1010"
2823,"1010"
2824,"1010"
2825,"1010"
2826,"1010"
2827,"1010"
2828,"1010"
2829,"1010"
2830,"1010"
2831,"1010"
2832,"1010"
2833,"1010"
2834,"1010"
2835,"1010"
2836,"1010"
2837,"1010"
2838,"1010"
2839,"1010"
2840,"1010"
2841,"1010"
2842,"1010"
2843,"1030"
2844,"1030"
2845,"1030"
2846,"1030"
2847,"1030"
2848,"1030"
2849,"1030"
2850,"1030"
2851,"1030"
2852,"1030"
2853,"1030"
2854,"264"
2855,"90"
2856,"58"
2857,"1300"
2858,"4050"
2859,"1566"
2860,"1656"
2861,"13359"
2862,"0"
2863,"15202"
2864,"1070"
2865,"860"
2866,"523"
2867,"1770"
2868,"0"
2869,"300"
2870,"1902"
2871,"3031"
2872,"900"
2873,"649"
2874,"3244"
2875,"300"
2876,"2489"
2877,"8242"
2878,"3460"
2879,"1894"
2880,"2523"
2881,"2591"
2882,"13655"
2883,"660"
2884,"5199"
2885,"8296"
2886,"2010"
2887,"2140"
2888,"2621"
2889,"13971"
2890,"19125"
2891,"1526"
2892,"2687"
2893,"4617"
2894,"25100"
2895,"203"
2896,"3664"
2897,"2124"
2898,"4212"
2899,"3612"
2900,"1146"
2901,"1146"
2902,"1146"
2903,"1146"
2904,"1146"
2905,"13520"
2906,"1146"
2907,"1146"
2908,"1146"
2909,"1146"
2910,"4031"
2911,"2210"
2912,"0"
2913,"4005"
2914,"0"
2915,"2496"
2916,"1263"
2917,"1289"
2918,"1624"
2919,"2652"
2920,"1040"
2921,"1040"
2922,"1040"
2923,"1570"
2924,"1570"
2925,"1570"
2926,"5856"
2927,"782"
2928,"2603"
2929,"20790"
2930,"1900"
2931,"559"
2932,"1075"
2933,"20130"
2934,"888"
2935,"3600"
2936,"19839"
2937,"5060"
2938,"869"
2939,"3555"
2940,"15420"
2941,"1670"
2942,"13590"
2943,"1214"
2944,"2080"
2945,"2758"
2946,"641"
2947,"983"
2948,"705"
2949,"156"
2950,"90"
2951,"222"
2952,"238"
2953,"98"
2954,"638"
2955,"1840"
2956,"604"
2957,"802"
2958,"248"
2959,"568"
2960,"0"
2961,"4908"
2962,"2426"
2963,"2474"
2964,"5533"
2965,"5558"
2966,"1792"
2967,"1260"
2968,"0"
2969,"1600"
2970,"0"
2971,"1500"
2972,"17600"
2973,"123"
2974,"834"
2975,"2481"
2976,"2101"
2977,"1734"
2978,"1373"
2979,"0"
2980,"1320"
2981,"3015"
2982,"6487"
2983,"1654"
2984,"1586"
2985,"5771"
2986,"1029"
2987,"6546"
2988,"734"
2989,"1228"
2990,"1366"
2991,"1368"
2992,"1305"
2993,"1544"
2994,"0"
2995,"0"
2996,"1158"
2997,"123"
2998,"1158"
2999,"2496"
3000,"1158"
3001,"1900"
3002,"3132"
3003,"650"
3004,"1185"
3005,"865"
3006,"0"
3007,"1386"
3008,"5304"
3009,"1411"
3010,"5363"
3011,"1357"
3012,"695"
3013,"1190"
3014,"3344"
3015,"3800"
3016,"6165"
3017,"3490"
3018,"1050"
3019,"0"
3020,"1786"
3021,"2092"
3022,"790"
3023,"627"
3024,"656"
3025,"4521"
3026,"29054"
3027,"0"
3028,"0"
3029,"0"
3030,"115"
3031,"13219"
3032,"1171"
3033,"2202"
3034,"2028"
3035,"1101"
3036,"1690"
3037,"10671"
3038,"960"
3039,"964"
3040,"962"
3041,"832"
3042,"1718"
3043,"1649"
3044,"3230"
3045,"1289"
3046,"1250"
3047,"534"
3048,"3686"
3049,"640"
3050,"734"
3051,"6290"
3052,"1760"
3053,"1133"
3054,"8726"
3055,"1249"
3056,"0"
3057,"5021"
3058,"4434"
3059,"1690"
3060,"0"
3061,"12970"
3062,"1319"
3063,"0"
3064,"4870"
3065,"187"
3066,"205"
3067,"295"
3068,"1433"
3069,"3950"
3070,"10396"
3071,"2187"
3072,"27870"
3073,"4950"
3074,"2246"
3075,"4224"
3076,"817"
3077,"986"
3078,"373"
3079,"603"
3080,"728"
3081,"2252"
3082,"604"
3083,"3814"
3084,"123"
3085,"300"
3086,"0"
3087,"562"
3088,"500"
3089,"2169"
3090,"0"
3091,"1527"
3092,"2113"
3093,"3344"
3094,"1099"
3095,"538"
3096,"1342"
3097,"864"
3098,"1156"
3099,"1050"
3100,"1512"
3101,"1038"
3102,"3401"
3103,"42"
3104,"645"
3105,"1477"
3106,"2863"
3107,"108"
3108,"2812"
3109,"3269"
3110,"7191"
3111,"671"
3112,"1282"
3113,"1110"
3114,"1550"
3115,"1701"
3116,"1713"
3117,"3180"
3118,"3930"
3119,"6500"
3120,"227"
3121,"0"
3122,"1017"
3123,"3224"
3124,"5712"
3125,"724"
3126,"5523"
3127,"2360"
3128,"1215"
3129,"7859"
3130,"2588"
3131,"5870"
3132,"240"
3133,"6110"
3134,"6080"
3135,"6080"
3136,"5500"
3137,"5500"
3138,"4620"
3139,"6110"
3140,"6010"
3141,"6050"
3142,"6050"
3143,"6780"
3144,"6780"
3145,"4810"
3146,"4810"
3147,"6020"
3148,"1348"
3149,"714"
3150,"1446"
3151,"1712"
3152,"1204"
3153,"1521"
3154,"0"
3155,"1945"
3156,"20250"
3157,"10050"
3158,"2422"
3159,"3668"
3160,"0"
3161,"1176"
3162,"3097"
3163,"2022"
3164,"1943"
3165,"2078"
3166,"1450"
3167,"9404"
3168,"1697"
3169,"13124"
3170,"2240"
3171,"2160"
3172,"2255"
3173,"2790"
3174,"1525"
3175,"2765"
3176,"2775"
3177,"2465"
3178,"3210"
3179,"462"
3180,"168"
3181,"1120"
3182,"765"
3183,"2115"
3184,"652"
3185,"0"
3186,"1400"
3187,"3815"
3188,"750"
3189,"3330"
3190,"0"
3191,"25670"
3192,"3752"
3193,"3050"
3194,"3430"
3195,"3435"
3196,"3497"
3197,"1053"
3198,"2539"
3199,"827"
3200,"6464"
3201,"13560"
3202,"4282"
3203,"3800"
3204,"1528"
3205,"395"
3206,"3230"
3207,"4368"
3208,"0"
3209,"3100"
3210,"0"
3211,"1116"
3212,"1783"
3213,"1984"
3214,"1408"
3215,"0"
3216,"311"
3217,"1116"
3218,"2367"
3219,"245"
3220,"14640"
3221,"0"
3222,"13570"
3223,"1248"
3224,"1248"
3225,"240"
3226,"287"
3227,"229"
3228,"1248"
3229,"60"
3230,"1655"
3231,"1473"
3232,"1356"
3233,"24000"
3234,"442"
3235,"5580"
3236,"826"
3237,"810"
3238,"1253"
3239,"1964"
3240,"0"
3241,"0"
3242,"926"
3243,"1758"
3244,"1350"
3245,"228"
3246,"1870"
3247,"338"
3248,"13487"
3249,"6670"
3250,"7870"
3251,"666"
3252,"13640"
3253,"2808"
3254,"705"
3255,"14287"
3256,"2410"
3257,"2430"
3258,"0"
3259,"1160"
3260,"2580"
3261,"8555"
3262,"336"
3263,"12360"
3264,"1381"
3265,"2185"
3266,"11152"
3267,"550"
3268,"800"
3269,"2350"
3270,"3440"
3271,"910"
3272,"850"
3273,"2070"
3274,"0"
3275,"790"
3276,"1550"
3277,"26170"
3278,"1365"
3279,"2628"
3280,"1566"
3281,"4050"
3282,"338"
3283,"1870"
3284,"228"
3285,"2370"
3286,"0"
3287,"0"
3288,"0"
3289,"0"
3290,"1070"
3291,"0"
3292,"0"
3293,"1075"
3294,"1550"
3295,"8395"
3296,"0"
3297,"0"
3298,"0"
3299,"1359"
3300,"616"
3301,"801"
3302,"2856"
3303,"1644"
3304,"864"
3305,"2605"
3306,"1268"
3307,"12070"
3308,"2098"
3309,"0"
3310,"0"
3311,"0"
3312,"1544"
3313,"1500"
3314,"1576"
3315,"74"
3316,"9000"
3317,"2833"
3318,"3435"
3319,"3435"
3320,"3060"
3321,"3435"
3322,"3055"
3323,"3435"
3324,"3024"
3325,"2812"
3326,"0"
3327,"3285"
3328,"999"
3329,"1003"
3330,"2970"
3331,"2966"
3332,"1354"
3333,"3048"
3334,"2483"
3335,"10580"
3336,"505"
3337,"0"
3338,"7222"
3339,"13980"
3340,"1875"
3341,"0"
3342,"3333"
3343,"6486"
3344,"6879"
3345,"1580"
3346,"1960"
3347,"670"
3348,"1403"
3349,"1778"
3350,"3020"
3351,"0"
3352,"0"
3353,"0"
3354,"957"
3355,"964"
3356,"436"
3357,"527"
3358,"1446"
3359,"580"
3360,"800"
3361,"4024"
3362,"3535"
3363,"1766"
3364,"2717"
3365,"3093"
3366,"2119"
3367,"489"
3368,"2889"
3369,"304"
3370,"536"
3371,"765"
3372,"1233"
3373,"1625"
3374,"1765"
3375,"2630"
3376,"2218"
3377,"3188"
3378,"2188"
3379,"2510"
3380,"4260"
3381,"611"
3382,"1040"
3383,"177"
3384,"887"
3385,"526"
3386,"2091"
3387,"1031"
3388,"645"
3389,"815"
3390,"374"
3391,"3532"
3392,"1343"
3393,"4448"
3394,"1317"
3395,"1980"
3396,"4362"
3397,"2228"
3398,"383"
3399,"1636"
3400,"663"
3401,"564"
3402,"1218"
3403,"1810"
3404,"121"
3405,"229"
3406,"287"
3407,"107"
3408,"120"
3409,"177"
3410,"487"
3411,"0"
3412,"1226"
3413,"15780"
3414,"0"
3415,"939"
3416,"121"
3417,"315"
3418,"0"
3419,"510"
3420,"1573"
3421,"1600"
3422,"1481"
3423,"1690"
3424,"875"
3425,"344"
3426,"600"
3427,"0"
3428,"2595"
3429,"3686"
3430,"1127"
3431,"1593"
3432,"3702"
3433,"1008"
3434,"0"
3435,"0"
3436,"0"
3437,"1731"
3438,"605"
3439,"2038"
3440,"1945"
3441,"1945"
3442,"248"
3443,"0"
3444,"935"
3445,"935"
3446,"935"
3447,"935"
3448,"783"
3449,"783"
3450,"783"
3451,"1080"
3452,"2675"
3453,"927"
3454,"927"
3455,"927"
3456,"927"
3457,"2533"
3458,"1316"
3459,"1316"
3460,"1316"
3461,"1316"
3462,"1115"
3463,"4146"
3464,"13887"
3465,"780"
3466,"2300"
3467,"1226"
3468,"2322"
3469,"1905"
3470,"3105"
3471,"0"
3472,"3216"
3473,"0"
3474,"4540"
3475,"3700"
3476,"3071"
3477,"988"
3478,"170"
3479,"167"
3480,"11220"
3481,"8157"
3482,"0"
3483,"1355"
3484,"4798"
3485,"4851"
3486,"3554"
3487,"2998"
3488,"1454"
3489,"5451"
3490,"1964"
3491,"2185"
3492,"1060"
3493,"1000"
3494,"1109"
3495,"1280"
3496,"1280"
3497,"1280"
3498,"0"
3499,"1073"
3500,"11970"
3501,"7115"
3502,"5820"
3503,"1770"
3504,"10650"
3505,"3359"
3506,"1860"
3507,"0"
3508,"4167"
3509,"17920"
3510,"2461"
3511,"1944"
3512,"1313"
3513,"2992"
3514,"977"
3515,"4408"
3516,"2965"
3517,"0"
3518,"1091"
3519,"4190"
3520,"2306"
3521,"2430"
3522,"1170"
3523,"0"
3524,"4150"
3525,"0"
3526,"0"
3527,"17405"
3528,"3475"
3529,"0"
3530,"2018"
3531,"1155"
3532,"8420"
3533,"5970"
3534,"1790"
3535,"1687"
3536,"2020"
3537,"0"
3538,"0"
3539,"2769"
3540,"9750"
3541,"11120"
3542,"2575"
3543,"1040"
3544,"1040"
3545,"1040"
3546,"536"
3547,"0"
3548,"3058"
3549,"2145"
3550,"0"
3551,"5626"
3552,"5060"
3553,"2793"
3554,"0"
3555,"5002"
3556,"0"
3557,"183"
3558,"480"
3559,"6258"
3560,"500"
3561,"2678"
3562,"920"
3563,"1320"
3564,"4255"
3565,"12122"
3566,"13354"
3567,"2524"
3568,"1815"
3569,"0"
3570,"1875"
3571,"1740"
3572,"1310"
3573,"2446"
3574,"3154"
3575,"1860"
3576,"970"
3577,"343"
3578,"324"
3579,"901"
3580,"366"
3581,"1828"
3582,"1126"
3583,"1015"
3584,"494"
3585,"127"
3586,"530"
3587,"735"
3588,"11370"
3589,"2090"
3590,"2200"
3591,"830"
3592,"2041"
3593,"2500"
3594,"3569"
3595,"3050"
3596,"3430"
3597,"3435"
3598,"820"
3599,"2459"
3600,"10843"
3601,"7703"
3602,"3964"
3603,"3980"
3604,"9530"
3605,"7884"
3606,"3815"
3607,"2402"
3608,"5247"
3609,"1830"
3610,"959"
3611,"655"
3612,"1063"
3613,"1300"
3614,"2100"
3615,"1155"
3616,"3040"
3617,"12760"
3618,"1498"
3619,"2860"
3620,"2804"
3621,"4053"
3622,"4202"
3623,"8890"
3624,"466"
3625,"220"
3626,"1305"
3627,"8790"
3628,"5340"
3629,"4929"
3630,"2268"
3631,"97"
3632,"297"
3633,"648"
3634,"0"
3635,"1125"
3636,"3460"
3637,"402"
3638,"802"
3639,"2500"
3640,"3985"
3641,"1284"
3642,"945"
3643,"5610"
3644,"1305"
3645,"2535"
3646,"430"
3647,"610"
3648,"13690"
3649,"3460"
3650,"2684"
3651,"2372"
3652,"2372"
3653,"714"
3654,"295"
3655,"1299"
3656,"282"
3657,"770"
3658,"0"
3659,"2380"
3660,"628"
3661,"2318"
3662,"1502"
3663,"632"
3664,"11270"
3665,"670"
3666,"3526"
3667,"282"
3668,"4986"
3669,"0"
3670,"1815"
3671,"495"
3672,"1565"
3673,"1034"
3674,"1646"
3675,"696"
3676,"2946"
3677,"658"
3678,"909"
3679,"990"
3680,"1976"
3681,"85"
3682,"1510"
3683,"19095"
3684,"2450"
3685,"868"
3686,"1034"
3687,"2349"
3688,"6340"
3689,"6340"
3690,"931"
3691,"3185"
3692,"619"
3693,"317"
3694,"238"
3695,"1402"
3696,"3997"
3697,"6167"
3698,"4224"
3699,"0"
3700,"3455"
3701,"810"
3702,"400"
3703,"469"
3704,"374"
3705,"10665"
3706,"0"
3707,"0"
3708,"710"
3709,"1075"
3710,"1452"
3711,"2731"
3712,"2780"
3713,"3185"
3714,"1743"
3715,"4843"
3716,"3860"
3717,"2250"
3718,"2103"
3719,"908"
3720,"2310"
3721,"808"
3722,"1220"
3723,"5000"
3724,"2656"
3725,"3435"
3726,"3435"
3727,"3060"
3728,"3435"
3729,"3055"
3730,"3435"
3731,"5439"
3732,"4191"
3733,"668"
3734,"1335"
3735,"24050"
3736,"1391"
3737,"2054"
3738,"1474"
3739,"615"
3740,"2752"
3741,"1272"
3742,"2164"
3743,"2948"
3744,"504"
3745,"454"
3746,"666"
3747,"2904"
3748,"1954"
3749,"1812"
3750,"1878"
3751,"1920"
3752,"1756"
3753,"1970"
3754,"1712"
3755,"1744"
3756,"1930"
3757,"1870"
3758,"1800"
3759,"1990"
3760,"272"
3761,"833"
3762,"341"
3763,"6262"
3764,"1663"
3765,"718"
3766,"60"
3767,"1747"
3768,"401"
3769,"1590"
3770,"13780"
3771,"1985"
3772,"2999"
3773,"4919"
3774,"0"
3775,"1118"
3776,"1159"
3777,"2043"
3778,"988"
3779,"2043"
3780,"988"
3781,"1051"
3782,"2290"
3783,"1393"
3784,"1722"
3785,"1571"
3786,"1632"
3787,"2025"
3788,"2280"
3789,"1386"
3790,"2141"
3791,"2080"
3792,"1119"
3793,"1173"
3794,"1142"
3795,"1751"
3796,"4197"
3797,"1397"
3798,"1348"
3799,"0"
3800,"10760"
3801,"220"
3802,"150"
3803,"4490"
3804,"10105"
3805,"0"
3806,"11403"
3807,"1650"
3808,"10255"
3809,"0"
3810,"8201"
3811,"0"
3812,"9340"
3813,"1442"
3814,"1664"
3815,"13580"
3816,"10221"
3817,"2070"
3818,"1981"
3819,"1680"
3820,"2590"
3821,"1860"
3822,"1221"
3823,"92"
3824,"3904"
3825,"2332"
3826,"3329"
3827,"8045"
3828,"2484"
3829,"1896"
3830,"906"
3831,"4109"
3832,"1582"
3833,"779"
3834,"3408"
3835,"2204"
3836,"1300"
3837,"2565"
3838,"2632"
3839,"904"
3840,"2205"
3841,"824"
3842,"3024"
3843,"1260"
3844,"4774"
3845,"2032"
3846,"2992"
3847,"1960"
3848,"870"
3849,"242"
3850,"3489"
3851,"167"
3852,"1995"
3853,"1539"
3854,"1185"
3855,"0"
3856,"0"
3857,"2354"
3858,"2070"
3859,"4053"
3860,"1049"
3861,"3026"
3862,"1072"
3863,"6178"
3864,"0"
3865,"1607"
3866,"2260"
3867,"1430"
3868,"1290"
3869,"1430"
3870,"1960"
3871,"2110"
3872,"1515"
3873,"1290"
3874,"703"
3875,"1529"
3876,"634"
3877,"2160"
3878,"15370"
3879,"1026"
3880,"15302"
3881,"17826"
3882,"2067"
3883,"846"
3884,"14335"
3885,"3230"
3886,"2605"
3887,"1268"
3888,"488"
3889,"2268"
3890,"0"
3891,"0"
3892,"420"
3893,"592"
3894,"618"
3895,"792"
3896,"493"
3897,"1388"
3898,"913"
3899,"4439"
3900,"1420"
3901,"0"
3902,"1590"
3903,"2760"
3904,"0"
3905,"510"
3906,"1525"
3907,"1231"
3908,"2835"
3909,"458"
3910,"780"
3911,"338"
3912,"11438"
3913,"279"
3914,"0"
3915,"1824"
3916,"1680"
3917,"1351"
3918,"682"
3919,"4940"
3920,"2920"
3921,"2581"
3922,"810"
3923,"705"
3924,"537"
3925,"990"
3926,"1070"
3927,"1130"
3928,"2400"
3929,"20314"
3930,"21380"
3931,"1473"
3932,"15480"
3933,"236"
3934,"3304"
3935,"3068"
3936,"2538"
3937,"3302"
3938,"3308"
3939,"1550"
3940,"1374"
3941,"1141"
3942,"2690"
3943,"0"
3944,"1016"
3945,"136"
3946,"3285"
3947,"2970"
3948,"7222"
3949,"2145"
3950,"5626"
3951,"1780"
3952,"0"
3953,"2300"
3954,"457"
3955,"706"
3956,"889"
3957,"2606"
3958,"2006"
3959,"2136"
3960,"1315"
3961,"2885"
3962,"4740"
3963,"23028"
3964,"57"
3965,"60"
3966,"148"
3967,"97"
3968,"2165"
3969,"10020"
3970,"1700"
3971,"364"
3972,"772"
3973,"5232"
3974,"1565"
3975,"1438"
3976,"115"
3977,"115"
3978,"5555"
3979,"1214"
3980,"0"
3981,"0"
3982,"22600"
3983,"8525"
3984,"1060"
3985,"1088"
3986,"2999"
3987,"1192"
3988,"1378"
3989,"207"
3990,"835"
3991,"2323"
3992,"42030"
3993,"2800"
3994,"604"
3995,"2774"
3996,"2537"
3997,"827"
3998,"1328"
3999,"8420"
4000,"7140"
4001,"487"
4002,"6136"
4003,"156"
4004,"115"
4005,"1243"
4006,"4730"
4007,"3195"
4008,"3376"
4009,"8740"
4010,"1501"
4011,"1571"
4012,"1649"
4013,"960"
4014,"1191"
4015,"722"
4016,"896"
4017,"2170"
4018,"4015"
4019,"0"
4020,"2217"
4021,"426"
4022,"4197"
4023,"0"
4024,"1650"
4025,"1267"
4026,"3545"
4027,"1214"
4028,"1836"
4029,"1998"
4030,"2510"
4031,"2455"
4032,"524"
4033,"1395"
4034,"2873"
4035,"3628"
4036,"2300"
4037,"3765"
4038,"4505"
4039,"3903"
4040,"0"
4041,"3975"
4042,"1490"
4043,"2640"
4044,"2608"
4045,"2700"
4046,"2650"
4047,"15708"
4048,"1622"
4049,"620"
4050,"1860"
4051,"2996"
4052,"3810"
4053,"13470"
4054,"0"
4055,"5865"
4056,"3024"
4057,"2885"
4058,"520"
4059,"304"
4060,"1049"
4061,"10530"
4062,"2081"
4063,"1405"
4064,"0"
4065,"187"
4066,"205"
4067,"295"
4068,"1433"
4069,"781"
4070,"2050"
4071,"3560"
4072,"3510"
4073,"1985"
4074,"3475"
4075,"3114"
4076,"3633"
4077,"2603"
4078,"14830"
4079,"14940"
4080,"8510"
4081,"8500"
4082,"7005"
4083,"7725"
4084,"4240"
4085,"546"
4086,"2079"
4087,"13238"
4088,"1230"
4089,"770"
4090,"2670"
4091,"0"
4092,"731"
4093,"1260"
4094,"770"
4095,"3412"
4096,"139"
4097,"5046"
4098,"2347"
4099,"791"
4100,"346"
4101,"412"
4102,"1538"
4103,"1847"
4104,"0"
4105,"0"
4106,"3378"
4107,"1232"
4108,"1914"
4109,"2210"
4110,"900"
4111,"6008"
4112,"3062"
4113,"977"
4114,"9590"
4115,"3536"
4116,"249"
4117,"13845"
4118,"3076"
4119,"767"
4120,"659"
4121,"1160"
4122,"2143"
4123,"0"
4124,"0"
4125,"0"
4126,"960"
4127,"1005"
4128,"637"
4129,"0"
4130,"1820"
4131,"3170"
4132,"4820"
4133,"4820"
4134,"1080"
4135,"0"
4136,"3120"
4137,"0"
4138,"2201"
4139,"2203"
4140,"2453"
4141,"2145"
4142,"1257"
4143,"688"
4144,"1320"
4145,"597"
4146,"591"
4147,"2560"
4148,"2650"
4149,"394"
4150,"2271"
4151,"130"
4152,"630"
4153,"0"
4154,"2140"
4155,"4734"
4156,"608"
4157,"1810"
4158,"0"
4159,"1088"
4160,"426"
4161,"425"
4162,"426"
4163,"1730"
4164,"2120"
4165,"3230"
4166,"3996"
4167,"1003"
4168,"1403"
4169,"684"
4170,"0"
4171,"2702"
4172,"923"
4173,"1454"
4174,"424"
4175,"806"
4176,"6659"
4177,"999"
4178,"3717"
4179,"1854"
4180,"2089"
4181,"875"
4182,"27430"
4183,"1332"
4184,"1030"
4185,"2702"
4186,"3207"
4187,"2702"
4188,"3857"
4189,"668"
4190,"3210"
4191,"3378"
4192,"548"
4193,"5024"
4194,"411"
4195,"1158"
4196,"12650"
4197,"9680"
4198,"1085"
4199,"0"
4200,"1500"
4201,"0"
4202,"1495"
4203,"4112"
4204,"2897"
4205,"5313"
4206,"1942"
4207,"1115"
4208,"10265"
4209,"1630"
4210,"1492"
4211,"572"
4212,"710"
4213,"3455"
4214,"810"
4215,"1116"
4216,"1850"
4217,"20670"
4218,"373"
4219,"0"
4220,"0"
4221,"1484"
4222,"8825"
4223,"2523"
4224,"5756"
4225,"2718"
4226,"2662"
4227,"1324"
4228,"1109"
4229,"2499"
4230,"1782"
4231,"390"
4232,"1079"
4233,"6340"
4234,"2660"
4235,"2102"
4236,"19340"
4237,"1058"
4238,"1045"
4239,"556"
4240,"1349"
4241,"2058"
4242,"800"
4243,"1260"
4244,"227"
4245,"2265"
4246,"3470"
4247,"930"
4248,"1240"
4249,"930"
4250,"0"
4251,"6700"
4252,"0"
4253,"16440"
4254,"1882"
4255,"0"
4256,"0"
4257,"3052"
4258,"1733"
4259,"4420"
4260,"6275"
4261,"7461"
4262,"6260"
4263,"8389"
4264,"1819"
4265,"2253"
4266,"1755"
4267,"1144"
4268,"1841"
4269,"8000"
4270,"809"
4271,"926"
4272,"1388"
4273,"10462"
4274,"10463"
4275,"4440"
4276,"1030"
4277,"7925"
4278,"1375"
4279,"2680"
4280,"1284"
4281,"4836"
4282,"4700"
4283,"18223"
4284,"9960"
4285,"364"
4286,"772"
4287,"5232"
4288,"1565"
4289,"15564"
4290,"394"
4291,"1985"
4292,"8880"
4293,"707"
4294,"690"
4295,"891"
4296,"0"
4297,"426"
4298,"426"
4299,"9114"
4300,"829"
4301,"657"
4302,"16870"
4303,"4910"
4304,"1200"
4305,"19560"
4306,"1175"
4307,"590"
4308,"228"
4309,"2049"
4310,"4032"
4311,"5180"
4312,"494"
4313,"10255"
4314,"1370"
4315,"861"
4316,"536"
4317,"807"
4318,"538"
4319,"809"
4320,"1764"
4321,"1860"
4322,"1620"
4323,"1320"
4324,"20314"
4325,"21380"
4326,"1473"
4327,"4150"
4328,"780"
4329,"120"
4330,"287"
4331,"4530"
4332,"503"
4333,"948"
4334,"3880"
4335,"2902"
4336,"22780"
4337,"2934"
4338,"3800"
4339,"1026"
4340,"0"
4341,"1395"
4342,"999"
4343,"2018"
4344,"4260"
4345,"686"
4346,"1865"
4347,"3402"
4348,"3381"
4349,"728"
4350,"3542"
4351,"2702"
4352,"3040"
4353,"368"
4354,"515"
4355,"2000"
4356,"3320"
4357,"3780"
4358,"3460"
4359,"3540"
4360,"0"
4361,"0"
4362,"1600"
4363,"12550"
4364,"4618"
4365,"19951"
4366,"3620"
4367,"1810"
4368,"275"
4369,"428"
4370,"324"
4371,"3186"
4372,"1246"
4373,"680"
4374,"11015"
4375,"0"
4376,"0"
4377,"3478"
4378,"11910"
4379,"5352"
4380,"1620"
4381,"1620"
4382,"814"
4383,"1073"
4384,"1041"
4385,"1450"
4386,"2708"
4387,"1656"
4388,"2706"
4389,"2880"
4390,"10955"
4391,"4014"
4392,"900"
4393,"481"
4394,"410"
4395,"487"
4396,"1005"
4397,"0"
4398,"552"
4399,"8459"
4400,"972"
4401,"1942"
4402,"3136"
4403,"1755"
4404,"1183"
4405,"1540"
4406,"2749"
4407,"7190"
4408,"3534"
4409,"9760"
4410,"3624"
4411,"1752"
4412,"1890"
4413,"2869"
4414,"2204"
4415,"1664"
4416,"0"
4417,"1941"
4418,"0"
4419,"1348"
4420,"840"
4421,"1320"
4422,"1243"
4423,"4532"
4424,"661"
